Workbook

Sheet Sheet1
A1: Province | B1: Year | C1: key | D1: amenable_mortality_std | E1: physicians_per100k | F1: total_population | G1: median_income | H1: pct_65plus | I1: spending_percapita | J1: education
A2: Newfoundland and Labrador | B2: 2001 | C2: =A2&"-"&B2 -> Newfoundland and Labrador-2001 | D2: =VLOOKUP(C2,mortality_collapsed!$C:$D,2,0) -> 3440 | E2: 181 | F2: 585398 | G2: 26400 | H2: 63355 | I2: 3406 | J2: 39.826535
A3: Newfoundland and Labrador | B3: 2002 | C3: =A3&"-"&B3 -> Newfoundland and Labrador-2002 | D3: =VLOOKUP(C3,mortality_collapsed!$C:$D,2,0) -> 3520 | E3: 179 | F3: 583749 | G3: 26800 | H3: 64338 | I3: 3544 | J3: 41.478873
A4: Newfoundland and Labrador | B4: 2003 | C4: =A4&"-"&B4 -> Newfoundland and Labrador-2003 | D4: =VLOOKUP(C4,mortality_collapsed!$C:$D,2,0) -> 3528 | E4: 188 | F4: 583745 | G4: 27000 | H4: 65356 | I4: 3620 | J4: 43.533271
A5: Newfoundland and Labrador | B5: 2004 | C5: =A5&"-"&B5 -> Newfoundland and Labrador-2004 | D5: =VLOOKUP(C5,mortality_collapsed!$C:$D,2,0) -> 3692 | E5: 192 | F5: 584029 | G5: 26800 | H5: 66654 | I5: 3650 | J5: 42.606458
A6: Newfoundland and Labrador | B6: 2005 | C6: =A6&"-"&B6 -> Newfoundland and Labrador-2005 | D6: =VLOOKUP(C6,mortality_collapsed!$C:$D,2,0) -> 3594 | E6: 193 | F6: 582219 | G6: 27900 | H6: 67909 | I6: 3666 | J6: 44.178965
A7: Newfoundland and Labrador | B7: 2006 | C7: =A7&"-"&B7 -> Newfoundland and Labrador-2006 | D7: =VLOOKUP(C7,mortality_collapsed!$C:$D,2,0) -> 3482 | E7: 199 | F7: 580087 | G7: 29300 | H7: 69494 | I7: 3781 | J7: 43.172738
A8: Newfoundland and Labrador | B8: 2007 | C8: =A8&"-"&B8 -> Newfoundland and Labrador-2007 | D8: =VLOOKUP(C8,mortality_collapsed!$C:$D,2,0) -> 3420 | E8: 206 | F8: 580146 | G8: 31400 | H8: 71099 | I8: 4088 | J8: 44.052656
A9: Newfoundland and Labrador | B9: 2008 | C9: =A9&"-"&B9 -> Newfoundland and Labrador-2008 | D9: =VLOOKUP(C9,mortality_collapsed!$C:$D,2,0) -> 3322 | E9: 217 | F9: 584779 | G9: 33100 | H9: 73210 | I9: 4197 | J9: 45.033886
A10: Newfoundland and Labrador | B10: 2009 | C10: =A10&"-"&B10 -> Newfoundland and Labrador-2009 | D10: =VLOOKUP(C10,mortality_collapsed!$C:$D,2,0) -> 3326 | E10: 216 | F10: 592525 | G10: 32900 | H10: 75784 | I10: 4364 | J10: 46.808511
A11: Newfoundland and Labrador | B11: 2010 | C11: =A11&"-"&B11 -> Newfoundland and Labrador-2010 | D11: =VLOOKUP(C11,mortality_collapsed!$C:$D,2,0) -> 3220 | E11: 221 | F11: 600504 | G11: 33400 | H11: 78502 | I11: 4677 | J11: 48.387834
A12: Newfoundland and Labrador | B12: 2011 | C12: =A12&"-"&B12 -> Newfoundland and Labrador-2011 | D12: =VLOOKUP(C12,mortality_collapsed!$C:$D,2,0) -> 3150 | E12: 225 | F12: 607275 | G12: 35300 | H12: 82320 | I12: 4743 | J12: 49.682251
A13: Newfoundland and Labrador | B13: 2012 | C13: =A13&"-"&B13 -> Newfoundland and Labrador-2012 | D13: =VLOOKUP(C13,mortality_collapsed!$C:$D,2,0) -> 3094 | E13: 234 | F13: 612200 | G13: 36000 | H13: 85965 | I13: 5060 | J13: 51.795799
... A231: British Columbia | B231: 2023 | C231: =A231&"-"&B231 -> British Columbia-2023 | D231: =VLOOKUP(C231,mortality_collapsed!$C:$D,2,0) -> 22072 | E231: 272 | F231: 6606064 | G231: 46300 | H231: 1090768 | I231: 4595 | J231: 62.616352

Sheet mortality_collapsed
A1: province | B1: year | C1: key | D1: total_amenable_death
A2: Newfoundland and Labrador | B2: 2001 | C2: =A2&"-"&B2 -> Newfoundland and Labrador-2001 | D2: 3440
A3: Newfoundland and Labrador | B3: 2002 | C3: =A3&"-"&B3 -> Newfoundland and Labrador-2002 | D3: 3520
A4: Newfoundland and Labrador | B4: 2003 | C4: =A4&"-"&B4 -> Newfoundland and Labrador-2003 | D4: 3528
A5: Newfoundland and Labrador | B5: 2004 | C5: =A5&"-"&B5 -> Newfoundland and Labrador-2004 | D5: 3692
A6: Newfoundland and Labrador | B6: 2005 | C6: =A6&"-"&B6 -> Newfoundland and Labrador-2005 | D6: 3594
A7: Newfoundland and Labrador | B7: 2006 | C7: =A7&"-"&B7 -> Newfoundland and Labrador-2006 | D7: 3482
A8: Newfoundland and Labrador | B8: 2007 | C8: =A8&"-"&B8 -> Newfoundland and Labrador-2007 | D8: 3420
A9: Newfoundland and Labrador | B9: 2008 | C9: =A9&"-"&B9 -> Newfoundland and Labrador-2008 | D9: 3322
A10: Newfoundland and Labrador | B10: 2009 | C10: =A10&"-"&B10 -> Newfoundland and Labrador-2009 | D10: 3326
A11: Newfoundland and Labrador | B11: 2010 | C11: =A11&"-"&B11 -> Newfoundland and Labrador-2010 | D11: 3220
A12: Newfoundland and Labrador | B12: 2011 | C12: =A12&"-"&B12 -> Newfoundland and Labrador-2011 | D12: 3150
A13: Newfoundland and Labrador | B13: 2012 | C13: =A13&"-"&B13 -> Newfoundland and Labrador-2012 | D13: 3094
... A241: British Columbia | B241: 2024 | C241: =A241&"-"&B241 -> British Columbia-2024 | D241: 21626
